season,team,attempts,completions,passing_yards,passing_tds,passing_epa,sacks,sack_yards,carries,rushing_yards,rushing_tds,rushing_epa,interceptions,sack_fumbles_lost,receiving_fumbles_lost,rushing_fumbles_lost,season_type
2015,ARZ,562,353,4775.0,35,142.46525964098925,27.0,159.0,452,1917.0,16,-27.7469323119212,13.0,2,3.0,4.0,REG
2015,ATL,621,410,4602.0,21,72.2424425202189,32.0,223.0,420,1606.0,13,-72.09781076041116,17.0,3,2.0,6.0,REG
2015,BLT,863,527,5403.0,24,-55.2738466441529,32.0,221.0,409,1572.0,9,-64.06479610372885,26.0,2,1.0,4.0,REG
2015,BUF,669,414,4876.0,28,7.6992475453720886,56.0,343.0,563,2624.0,20,2.169766369656692,16.0,2,3.0,2.0,REG
2015,CAR,501,300,3873.0,35,85.86609990519874,33.0,284.0,526,2282.0,19,6.919146563638755,10.0,1,3.0,5.0,REG
2015,CHI,608,383,4398.0,23,-9.614198605761477,37.0,191.0,474,1882.0,13,-27.436344725387606,15.0,5,0.0,2.0,REG
2015,CIN,505,334,4104.0,31,125.68454852987519,32.0,181.0,467,1805.0,18,-55.70401583478565,9.0,2,1.0,5.0,REG
2015,CLV,609,371,4156.0,20,-37.435032680520656,53.0,374.0,488,1931.0,7,-54.02318855672354,12.0,8,3.0,4.0,REG
2015,DAL,570,360,3982.0,19,-36.4635241180993,35.0,221.0,476,2176.0,9,-8.831818948385926,22.0,2,4.0,3.0,REG
2015,DEN,606,368,4216.0,19,-26.84857039632875,39.0,246.0,411,1718.0,13,-44.032239714703564,23.0,1,3.0,3.0,REG
2015,DET,632,420,4463.0,33,25.670327870647515,44.0,251.0,354,1335.0,7,-36.28385450290883,14.0,2,2.0,3.0,REG
2015,GB,573,348,3825.0,31,-9.622608368179485,47.0,322.0,436,1850.0,8,-23.889679081330513,8.0,4,1.0,4.0,REG
2015,HST,814,487,5383.0,33,6.992045018905685,46.0,327.0,483,1771.0,7,-55.0198388930269,16.0,4,2.0,2.0,REG
2015,IND,619,355,3928.0,26,-24.948735584531125,37.0,224.0,407,1475.0,6,-79.11568848078234,19.0,2,1.0,5.0,REG
2015,JAX,607,355,4428.0,35,4.9023543335658175,51.0,320.0,385,1595.0,5,-68.20366241384971,18.0,3,1.0,4.0,REG
2015,KC,473,310,3493.0,20,27.301570398516272,46.0,238.0,436,2044.0,19,5.5713811684789505,7.0,0,4.0,2.0,REG
2015,MIA,588,365,4231.0,24,0.3043286796660547,45.0,420.0,358,1550.0,11,-35.98664848041351,12.0,3,1.0,2.0,REG
2015,MIN,454,294,3246.0,14,-5.987777484615305,45.0,318.0,474,2211.0,18,2.7431292948308155,9.0,2,1.0,4.0,REG
2015,NE,630,404,4812.0,36,127.17129300686419,38.0,225.0,397,1444.0,14,-20.238052630814472,7.0,2,3.0,1.0,REG
2015,NO,667,460,5205.0,32,122.10325621110623,32.0,235.0,404,1507.0,16,-33.626720627789325,12.0,2,4.0,1.0,REG
2015,NYG,623,392,4500.0,36,62.41986116923446,27.0,157.0,403,1609.0,5,-46.541900584601784,14.0,3,2.0,2.0,REG
2015,NYJ,604,362,4170.0,33,73.83009702011127,22.0,113.0,448,1868.0,11,-41.21474763178271,16.0,2,3.0,2.0,REG
2015,OAK,605,373,4129.0,34,-8.94029042927497,33.0,250.0,372,1458.0,7,-42.32324212990883,14.0,2,1.0,3.0,REG
2015,PHI,623,405,4341.0,23,-8.604878421846786,37.0,254.0,442,1743.0,15,-42.227795778370506,18.0,2,3.0,8.0,REG
2015,PIT,590,391,4822.0,26,63.09887780454476,33.0,219.0,390,1727.0,16,-17.354447136102877,21.0,1,2.0,2.0,REG
2015,SD,667,442,4855.0,30,73.08717151116738,40.0,264.0,393,1358.0,4,-76.27448869421747,13.0,2,3.0,4.0,REG
2015,SEA,491,334,4068.0,34,132.04420445228195,46.0,271.0,548,2465.0,10,-35.66970433734639,8.0,2,1.0,4.0,REG
2015,SF,527,322,3646.0,16,-58.633678757944615,53.0,330.0,428,1667.0,7,-34.90843874641899,12.0,1,1.0,3.0,REG
2015,SL,473,273,2931.0,11,-85.31826021480668,18.0,126.0,432,1950.0,16,-61.11536791222054,11.0,2,2.0,5.0,REG
2015,TB,535,312,4042.0,22,49.23681380119149,27.0,190.0,455,2162.0,12,-29.151928632839194,15.0,1,3.0,6.0,REG
2015,TEN,583,358,4043.0,25,-76.61239393645707,59.0,418.0,420,1672.0,10,-56.29893568250426,18.0,8,2.0,4.0,REG
2015,WAS,555,386,4294.0,30,103.33162054971052,27.0,199.0,433,1578.0,9,-71.23503220557134,11.0,3,2.0,3.0,REG
2016,ARI,646,383,4425.0,28,21.115089693249395,41.0,289.0,399,1732.0,20,-33.14029407170747,17.0,3,3.0,5.0,REG
2016,ATL,537,374,4960.0,38,176.28193355559932,37.0,235.0,421,1928.0,20,-0.10122790439117546,7.0,2,1.0,1.0,REG
2016,BAL,679,439,4343.0,20,-33.47773891152833,33.0,243.0,336,1365.0,10,-16.797671499581423,16.0,2,1.0,1.0,REG
2016,BUF,474,286,3250.0,17,18.059317539858085,46.0,214.0,492,2630.0,29,41.6714212982245,7.0,2,0.0,3.0,REG
2016,CAR,563,306,3962.0,21,-26.05040088712223,36.0,277.0,453,1814.0,16,-31.3604053792029,19.0,2,2.0,4.0,REG
2016,CHI,559,347,4139.0,19,7.397014502923121,28.0,170.0,377,1729.0,10,-33.54792369752249,19.0,5,2.0,3.0,REG
2016,CIN,563,364,4206.0,18,63.68831079074759,41.0,264.0,446,1769.0,17,-10.034059794278487,8.0,1,4.0,2.0,REG
2016,CLE,567,338,3693.0,15,-36.915671942729944,66.0,429.0,349,1710.0,13,-30.419072154582736,14.0,5,0.0,4.0,REG
2016,DAL,483,325,3799.0,25,115.18718937399731,28.0,168.0,499,2396.0,24,22.67213967106411,6.0,4,3.0,2.0,REG
2016,DEN,570,339,3914.0,20,14.473789734062647,40.0,229.0,454,1620.0,11,-78.04567302509248,11.0,2,7.0,2.0,REG
2016,DET,594,388,4327.0,24,73.89057127971115,37.0,216.0,344,1297.0,9,-34.17673587170898,10.0,2,0.0,2.0,REG
2016,GB,620,403,4445.0,40,124.22331659349679,35.0,246.0,486,2165.0,17,-10.276160888238547,8.0,2,4.0,3.0,REG
2016,HOU,583,347,3418.0,15,-57.53683234871119,32.0,242.0,456,1859.0,8,-45.986939180547274,16.0,2,1.0,2.0,REG
2016,IND,583,370,4491.0,32,56.52445641935878,44.0,289.0,409,1628.0,13,-33.458239839705776,15.0,3,0.0,3.0,REG
2016,JAX,626,369,3925.0,24,-46.99978742221106,34.0,197.0,394,1638.0,8,-43.19970022361643,16.0,5,0.0,5.0,REG
2016,KC,546,365,3914.0,19,37.57247521783438,32.0,174.0,417,1753.0,15,-30.088077607857336,8.0,3,0.0,3.0,REG
2016,LA,536,312,3313.0,14,-143.21822083871177,49.0,362.0,375,1252.0,9,-62.19408018608949,20.0,3,3.0,2.0,REG
2016,MIA,477,316,3716.0,27,39.9499283681116,30.0,216.0,405,1824.0,14,-25.537177755902093,15.0,2,2.0,2.0,REG
2016,MIN,588,414,4119.0,20,41.851959526662384,38.0,283.0,362,1155.0,9,-94.57981098021165,5.0,5,0.0,2.0,REG
2016,NE,550,368,4456.0,32,166.01699891338677,24.0,148.0,482,1872.0,19,-28.11824019290482,2.0,1,3.0,2.0,REG
2016,NO,674,472,5258.0,38,118.16384587745262,27.0,184.0,404,1742.0,17,-10.621310887486604,15.0,4,2.0,2.0,REG
2016,NYG,598,377,4027.0,26,-6.88312267542824,22.0,148.0,398,1412.0,6,-59.994049296270006,16.0,4,4.0,1.0,REG
2016,NYJ,550,311,3645.0,16,-56.279538880691106,35.0,179.0,420,1810.0,10,-18.122563514200838,25.0,2,3.0,3.0,REG
2016,OAK,596,379,4137.0,29,57.03930376330118,18.0,86.0,434,1922.0,17,-33.49336057477896,7.0,3,0.0,4.0,REG
2016,PHI,608,380,3798.0,16,11.252622424356321,33.0,213.0,435,1803.0,16,-32.51795357799889,14.0,2,0.0,4.0,REG
2016,PIT,596,381,4377.0,33,91.27505351658739,21.0,175.0,407,1753.0,13,-13.372346405807537,15.0,2,0.0,1.0,REG
2016,SD,580,349,4386.0,33,50.478379479255864,36.0,188.0,416,1560.0,10,-47.91909570070629,21.0,5,4.0,3.0,REG
2016,SEA,567,368,4422.0,23,59.728686254012125,42.0,298.0,285,1116.0,7,-35.863350128616894,12.0,0,2.0,4.0,REG
2016,SF,491,287,3166.0,21,-42.01739106312349,47.0,255.0,458,2019.0,15,-20.732199308580803,10.0,1,4.0,6.0,REG
2016,TB,579,355,4165.0,29,57.71983316859898,35.0,239.0,452,1607.0,8,-64.66825248824468,18.0,5,0.0,4.0,REG
2016,TEN,504,307,3720.0,29,51.951088725642585,28.0,179.0,476,2187.0,16,-19.810561351048392,11.0,2,1.0,4.0,REG
2016,WAS,607,407,4948.0,25,120.30490735966978,23.0,190.0,379,1696.0,17,-6.827707926293181,12.0,2,2.0,4.0,REG
2017,ARI,598,339,3979.0,21,-79.18764990382775,52.0,339.0,421,1414.0,5,-82.64051411307317,18.0,2,1.0,3.0,REG
2017,ATL,530,343,4146.0,21,74.83733650024547,24.0,156.0,430,1847.0,12,-38.91776548711535,12.0,1,0.0,4.0,REG
2017,BAL,567,363,3235.0,20,-43.831443677834656,27.0,205.0,460,1856.0,14,-31.367009182162214,13.0,0,1.0,3.0,REG
2017,BUF,475,288,3065.0,16,-28.273161287475027,47.0,261.0,487,2020.0,12,-33.798556800815824,10.0,2,2.0,2.0,REG
2017,CAR,501,293,3319.0,22,-9.327023452867355,35.0,242.0,491,2102.0,15,-39.34244352401048,16.0,0,0.0,5.0,REG
2017,CHI,473,291,3085.0,13,-60.65999426386761,39.0,274.0,422,1788.0,13,-36.65670339434523,12.0,4,0.0,4.0,REG
2017,CIN,510,304,3386.0,25,-33.58777376191097,40.0,264.0,377,1366.0,6,-56.391704858696585,12.0,3,3.0,3.0,REG
2017,CLE,574,312,3537.0,15,-142.87584097321448,50.0,309.0,383,1708.0,11,-4.9676059153728325,28.0,5,4.0,2.0,REG
2017,DAL,493,309,3326.0,22,-33.6070728892649,32.0,185.0,480,2170.0,18,33.23809281150032,13.0,3,2.0,1.0,REG
2017,DEN,566,332,3668.0,19,-90.1127786778446,52.0,335.0,457,1852.0,8,-36.82411515554114,22.0,4,2.0,3.0,REG
2017,DET,570,374,4470.0,29,31.64268669063098,47.0,287.0,363,1221.0,10,-81.73239167219504,11.0,6,2.0,3.0,REG
2017,GB,562,352,3532.0,25,-55.72644630724858,51.0,365.0,386,1724.0,13,15.034533420804927,18.0,2,1.0,2.0,REG
2017,HOU,525,299,3644.0,28,-51.72602154452146,54.0,366.0,463,1895.0,9,-33.35774820536686,17.0,9,1.0,1.0,REG
2017,IND,487,285,3226.0,13,-66.64080547800151,56.0,334.0,451,1661.0,11,-38.58222641767689,9.0,2,3.0,1.0,REG
2017,JAX,527,316,3716.0,21,31.634329817227027,24.0,123.0,527,2262.0,18,-22.70542449954136,13.0,3,1.0,3.0,REG
2017,KC,543,363,4326.0,26,90.63797477624453,37.0,222.0,405,1903.0,12,-8.317976811768641,8.0,1,0.0,2.0,REG
2017,LA,518,320,4023.0,28,78.04960580789741,28.0,192.0,454,1953.0,17,-21.783393662616298,7.0,3,3.0,2.0,REG
2017,LAC,583,366,4551.0,28,107.80768713808347,18.0,120.0,419,1595.0,10,-38.385623325688094,11.0,1,2.0,1.0,REG
2017,MIA,602,373,3792.0,24,-48.92775531249791,33.0,257.0,222,923.0,4,-32.65462027536486,21.0,0,5.0,2.0,REG
2017,MIN,527,357,3929.0,25,60.23168065940657,27.0,176.0,509,1986.0,15,-70.8883540460434,8.0,1,2.0,3.0,REG
2017,NE,792,508,5864.0,36,108.55554439738664,51.0,313.0,456,1913.0,17,-18.731160896172597,12.0,3,0.0,2.0,REG
2017,NO,536,386,4334.0,23,106.64644942046743,20.0,145.0,417,1989.0,23,9.11102838290103,8.0,0,5.0,3.0,REG
2017,NYG,608,373,3680.0,20,-73.66082943699617,35.0,201.0,394,1549.0,6,-53.669813312381216,14.0,7,0.0,1.0,REG
2017,NYJ,510,323,3501.0,19,-18.085123093451273,47.0,319.0,426,1699.0,13,-46.436200600473384,12.0,3,3.0,3.0,REG
2017,OAK,558,347,3761.0,23,20.925395273870986,24.0,130.0,370,1554.0,13,-39.24673329683711,14.0,1,7.0,3.0,REG
2017,PHI,564,341,3967.0,38,66.84397010368295,36.0,230.0,612,2586.0,9,-52.01324687636119,9.0,2,2.0,5.0,REG
2017,PIT,591,385,4542.0,29,86.6836872295531,24.0,154.0,437,1667.0,12,-36.31798764860335,15.0,2,0.0,2.0,REG
2017,SEA,555,340,3979.0,34,23.40568113374603,43.0,322.0,411,1633.0,5,-42.90546820034151,12.0,3,1.0,1.0,REG
2017,SF,402,243,2990.0,11,16.52706996142831,27.0,198.0,403,1655.0,14,-22.553683076730387,11.0,2,2.0,2.0,REG
2017,TB,605,378,4607.0,26,58.62389549660923,40.0,241.0,386,1433.0,8,-42.78912147105656,14.0,6,4.0,3.0,REG
2017,TEN,496,306,3394.0,14,-46.66783523711528,35.0,203.0,441,1829.0,17,-36.9210205998008,17.0,2,2.0,2.0,REG
2017,WAS,540,347,4093.0,27,16.449299637370878,41.0,342.0,393,1419.0,10,-56.179631073793445,13.0,4,2.0,3.0,REG
2018,ARI,495,283,2884.0,15,-170.93254263643536,52.0,361.0,361,1357.0,9,-58.54075392328835,18.0,7,1.0,2.0,REG
2018,ATL,617,428,4949.0,36,120.96182811379003,42.0,296.0,351,1573.0,11,-32.98608856333905,7.0,5,4.0,1.0,REG
2018,BAL,556,334,3708.0,18,16.576983977572894,32.0,150.0,573,2541.0,20,-6.467034594287163,9.0,3,1.0,6.0,REG
2018,BUF,417,226,2756.0,13,-65.44201532725435,34.0,254.0,458,1934.0,14,-30.46780386142062,16.0,3,3.0,1.0,REG
2018,CAR,563,378,4071.0,28,34.22848032713061,32.0,235.0,411,2103.0,17,23.1706557589117,16.0,0,2.0,2.0,REG
2018,CHI,512,344,3747.0,28,49.74979617550879,33.0,183.0,468,1938.0,16,-16.964251672759975,14.0,2,4.0,4.0,REG
2018,CIN,542,331,3569.0,27,12.604216381055302,37.0,279.0,359,1682.0,13,-19.322158674434824,13.0,1,1.0,0.0,REG
2018,CLE,574,353,4261.0,29,6.762693595995135,38.0,254.0,297,1511.0,10,-0.005217478373122475,17.0,2,3.0,1.0,REG
2018,DAL,527,356,3885.0,22,23.9504307860604,56.0,347.0,440,1972.0,13,-4.5446777897596995,8.0,5,2.0,2.0,REG
2018,DEN,588,367,3930.0,19,-10.795544926827798,34.0,235.0,393,1907.0,18,0.6441459476554492,15.0,1,2.0,2.0,REG
2018,DET,574,375,3844.0,22,-2.079742415598542,41.0,268.0,400,1617.0,11,-40.823920316969506,12.0,3,1.0,2.0,REG
2018,GB,640,392,4629.0,25,25.252349746413696,53.0,391.0,327,1663.0,16,29.904339308881855,4.0,4,1.0,1.0,REG
2018,HOU,506,345,4165.0,26,60.657049387940006,62.0,384.0,472,2021.0,12,-42.87253363641178,9.0,2,3.0,1.0,REG
2018,IND,644,432,4595.0,39,108.87758297508375,18.0,134.0,409,1714.0,13,-27.20933576365189,15.0,1,4.0,3.0,REG
2018,JAX,536,329,3431.0,15,-59.943913941161924,53.0,322.0,524,2090.0,12,-53.07309223787963,13.0,5,6.0,4.0,REG
2018,KC,583,385,5126.0,50,223.08535989727235,26.0,171.0,387,1855.0,16,19.807583233025895,12.0,2,3.0,1.0,REG
2018,LA,568,368,4730.0,32,117.05978125555758,33.0,223.0,483,2335.0,23,27.99991735249185,12.0,4,1.0,0.0,REG
2018,LAC,512,348,4316.0,32,129.27602099537833,34.0,227.0,398,1873.0,16,-4.421005703755638,12.0,2,3.0,0.0,REG
2018,MIA,455,292,3309.0,26,-55.22100594109631,52.0,409.0,371,1738.0,7,-39.230083306041024,13.0,3,1.0,5.0,REG
2018,MIN,606,425,4298.0,30,-12.061679241282334,40.0,262.0,358,1494.0,9,-70.34215359590002,10.0,5,1.0,4.0,REG
2018,NE,574,378,4405.0,29,92.72521134164353,21.0,147.0,459,1966.0,18,2.4043505236474267,11.0,2,2.0,1.0,REG
2018,NO,519,381,4174.0,33,150.47988517387242,20.0,132.0,468,2025.0,26,-6.768484999522649,7.0,1,4.0,3.0,REG
2018,NYG,583,382,4405.0,23,30.609429217604266,47.0,358.0,354,1650.0,13,-8.906853887141743,12.0,4,1.0,0.0,REG
2018,NYJ,524,299,3404.0,18,-45.55749299280272,37.0,239.0,410,1619.0,11,-66.71811723335767,19.0,1,3.0,5.0,REG
2018,OAK,637,426,4353.0,20,-48.89655984626573,59.0,340.0,396,1669.0,10,-48.37327971622818,17.0,7,1.0,6.0,REG
2018,PHI,599,422,4524.0,29,58.07540184706632,40.0,249.0,401,1612.0,12,-26.56689419882415,11.0,8,1.0,2.0,REG
2018,PIT,689,459,5174.0,35,135.7263588941487,24.0,166.0,345,1445.0,16,-13.144225551808946,17.0,2,4.0,2.0,REG
2018,SEA,427,280,3448.0,35,63.47602963982203,51.0,355.0,534,2560.0,15,18.738646298872215,7.0,2,0.0,2.0,REG
2018,SF,532,331,4247.0,26,5.2988406079992245,48.0,380.0,423,1902.0,7,-48.44378758701906,20.0,3,1.0,6.0,REG
2018,TB,625,408,5358.0,36,103.20116847423236,41.0,233.0,389,1523.0,11,-39.13322914140106,26.0,3,4.0,2.0,REG
2018,TEN,437,293,3255.0,16,-4.733823819085579,47.0,280.0,456,2027.0,15,-19.55181145363077,12.0,1,2.0,2.0,REG
2018,WAS,509,311,3287.0,16,-53.76612924606384,44.0,266.0,394,1673.0,9,-16.191618837786955,15.0,1,2.0,1.0,REG
2019,ARI,551,352,3827.0,20,1.4883190191839502,50.0,320.0,437,2131.0,18,-6.185082745656508,12.0,0,4.0,3.0,REG
2019,ATL,684,459,5049.0,29,46.09943419715118,50.0,335.0,360,1358.0,10,-38.40113259555722,15.0,5,1.0,2.0,REG
2019,BAL,440,289,3350.0,37,142.01622225102375,28.0,125.0,609,3320.0,21,62.84644314297765,8.0,0,1.0,5.0,REG
2019,BUF,513,299,3476.0,21,-21.34043801229715,40.0,247.0,465,2054.0,13,-19.10314528316665,12.0,3,0.0,4.0,REG
2019,CAR,633,382,4134.0,17,-61.137018797873495,58.0,484.0,397,1844.0,20,-39.0017073590533,21.0,6,1.0,4.0,REG
2019,CHI,580,371,3573.0,20,-31.36232398354183,45.0,282.0,384,1433.0,8,-55.81186459825872,12.0,2,0.0,3.0,REG
2019,CIN,616,356,3994.0,18,-66.90653780645226,48.0,342.0,385,1517.0,9,-33.52649709865493,16.0,7,5.0,0.0,REG
2019,CLE,540,319,3903.0,23,-6.34908793953827,41.0,293.0,394,1920.0,15,-22.323736012126172,21.0,2,2.0,2.0,REG
2019,DAL,597,388,4902.0,30,124.13209911247644,23.0,151.0,449,2153.0,18,12.07938532785212,11.0,2,2.0,3.0,REG
2019,DEN,504,312,3401.0,16,-29.384341548141244,41.0,286.0,409,1662.0,11,-31.397464298356848,10.0,3,2.0,1.0,REG
2019,DET,571,344,4187.0,28,19.34045446121644,43.0,287.0,401,1634.0,7,-53.730288044810884,15.0,2,2.0,3.0,REG
2019,GB,573,356,4017.0,26,57.25303021594447,36.0,284.0,405,1781.0,18,-7.889342118206025,4.0,3,3.0,2.0,REG
2019,HOU,534,355,4083.0,27,61.255143796950506,49.0,300.0,434,2009.0,17,3.717119145161469,14.0,2,1.0,4.0,REG
2019,IND,513,307,3314.0,22,-15.85366499624611,32.0,206.0,471,2130.0,17,18.83911452890358,10.0,4,2.0,2.0,REG
2019,JAX,589,364,4023.0,24,-24.979724560996935,42.0,263.0,389,1708.0,3,-28.011378181518637,8.0,7,1.0,2.0,REG
2019,KC,576,378,4690.0,30,142.38776687862816,25.0,192.0,374,1565.0,16,-20.45647144421988,5.0,2,3.0,3.0,REG
2019,LA,632,397,4669.0,22,63.29306305213851,22.0,170.0,401,1499.0,20,-61.341637144395804,17.0,4,0.0,3.0,REG
2019,LAC,597,394,4648.0,24,71.33347111954393,34.0,222.0,366,1453.0,12,-42.00675307146663,20.0,2,2.0,4.0,REG
2019,MIA,615,371,4117.0,22,-26.478259927662418,58.0,313.0,309,1049.0,11,-48.352630821012895,18.0,1,5.0,1.0,REG
2019,MIN,466,319,3729.0,26,81.15865168457881,28.0,206.0,484,2140.0,19,-29.691477789470564,8.0,3,3.0,4.0,REG
2019,NE,620,378,4153.0,25,28.88193188588582,28.0,192.0,448,1705.0,17,-29.857021995570115,9.0,1,2.0,1.0,REG
2019,NO,581,418,4431.0,36,115.11328793504342,25.0,187.0,404,1737.0,12,-29.552911771559565,6.0,0,0.0,1.0,REG
2019,NYG,607,376,4070.0,30,-48.38841088283361,43.0,339.0,362,1685.0,11,-21.407020198723778,17.0,9,2.0,4.0,REG
2019,NYJ,521,323,3443.0,19,-79.34906681477469,52.0,332.0,383,1257.0,6,-68.93840229792521,16.0,4,3.0,0.0,REG
2019,OAK,523,367,4110.0,22,100.16933469213346,29.0,184.0,433,1820.0,12,-38.09329980370542,8.0,0,2.0,4.0,REG
2019,PHI,613,391,4063.0,27,41.14855065758911,37.0,230.0,454,1939.0,16,-34.82519537933399,8.0,4,4.0,4.0,REG
2019,PIT,510,315,3214.0,18,-55.97542185582837,32.0,233.0,387,1440.0,7,-93.65111277673856,19.0,1,4.0,3.0,REG
2019,SEA,517,341,4110.0,31,84.91894486723794,48.0,319.0,482,2201.0,15,-42.18504263139741,6.0,0,6.0,7.0,REG
2019,SF,478,331,4029.0,28,86.7835586459562,36.0,237.0,498,2305.0,23,-30.169022158886072,13.0,4,1.0,3.0,REG
2019,TB,630,382,5127.0,33,42.26322932469711,47.0,282.0,409,1521.0,15,-53.932327508808854,30.0,4,3.0,3.0,REG
2019,TEN,448,297,3956.0,29,58.15724366852079,56.0,374.0,445,2223.0,21,3.0441073522870843,8.0,3,1.0,4.0,REG
2019,WAS,479,298,3205.0,18,-76.07448327153166,50.0,393.0,356,1583.0,9,-38.69765834177163,13.0,4,2.0,2.0,REG
2020,ARI,575,387,4102.0,27,24.39969958927206,29.0,186.0,479,2237.0,22,29.880742104208487,13.0,4,3.0,1.0,REG
2020,ATL,628,408,4620.0,27,70.54719305056904,41.0,257.0,409,1532.0,13,-42.032895559894484,11.0,2,2.0,3.0,REG
2020,BAL,406,257,2919.0,27,38.01054443599752,32.0,180.0,555,3071.0,24,67.87109544312156,11.0,2,0.0,5.0,REG
2020,BUF,596,410,4786.0,40,178.32124598023438,27.0,166.0,465,1895.0,17,-30.232230079342294,11.0,2,2.0,5.0,REG
2020,CAR,550,373,4129.0,16,12.114879834529823,36.0,241.0,407,1704.0,19,-8.140107134597997,16.0,2,1.0,2.0,REG
2020,CHI,614,402,3925.0,26,-7.167996568792958,36.0,270.0,393,1647.0,12,-14.061739648972276,16.0,2,3.0,0.0,REG
2020,CIN,581,372,3793.0,19,15.570270283083765,48.0,345.0,411,1668.0,13,-46.78306225516812,11.0,4,3.0,5.0,REG
2020,CLE,501,315,3701.0,27,91.34121495801105,26.0,162.0,487,2327.0,21,-6.33035579944457,8.0,3,2.0,3.0,REG
2020,DAL,639,413,4511.0,25,-13.656194747103797,44.0,350.0,430,1788.0,14,-21.19796349659146,13.0,5,3.0,5.0,REG
2020,DEN,556,317,3673.0,21,-61.92779231749521,32.0,222.0,442,1918.0,13,-37.61954037784606,23.0,3,3.0,2.0,REG
2020,DET,582,374,4397.0,27,30.694355931784358,42.0,293.0,365,1493.0,17,-32.98808319712747,13.0,1,0.0,4.0,REG
2020,GB,526,372,4299.0,48,184.19043211778282,21.0,193.0,443,2118.0,16,21.98013004385495,5.0,1,2.0,1.0,REG
2020,HOU,546,383,4843.0,33,131.67754359215277,50.0,305.0,343,1495.0,10,-16.52966496665613,7.0,2,3.0,3.0,REG
2020,IND,552,371,4186.0,24,95.34328304095702,21.0,133.0,459,1996.0,20,-18.493795084906896,11.0,1,2.0,1.0,REG
2020,JAX,616,387,3955.0,25,-38.81978962955759,44.0,256.0,337,1519.0,9,-13.287155698501659,16.0,6,1.0,1.0,REG
2020,KC,630,420,5005.0,40,198.7741460420896,24.0,151.0,419,1868.0,13,-7.256757302421537,7.0,2,5.0,1.0,REG
2020,LA,590,392,4183.0,20,21.488855432289512,25.0,169.0,473,2018.0,19,-37.192486342650945,14.0,3,2.0,3.0,REG
2020,LAC,627,413,4548.0,31,88.56761071633949,34.0,219.0,469,1797.0,12,-57.08573470340336,10.0,1,2.0,2.0,REG
2020,LV,551,369,4383.0,28,67.29345810112649,28.0,166.0,457,1916.0,20,-7.604624947761252,10.0,7,4.0,4.0,REG
2020,MIA,559,370,3937.0,24,34.92770213042736,34.0,201.0,403,1660.0,11,-30.025896058226405,13.0,1,1.0,4.0,REG
2020,MIN,516,349,4265.0,35,91.6894228925342,39.0,256.0,468,2283.0,20,6.827150240107752,13.0,4,2.0,3.0,REG
2020,NE,440,283,3124.0,12,-23.781566673060272,37.0,234.0,502,2346.0,20,30.686814093263568,14.0,1,2.0,1.0,REG
2020,NO,522,370,3945.0,28,73.82243420653593,29.0,187.0,494,2265.0,30,19.227062438173263,8.0,4,1.0,3.0,REG
2020,NYG,517,321,3336.0,12,-33.853271104375,50.0,310.0,345,1596.0,12,-11.281445740108175,11.0,5,2.0,3.0,REG
2020,NYJ,499,292,3115.0,16,-84.204955876174,43.0,319.0,384,1596.0,9,-35.80635167838981,14.0,2,2.0,1.0,REG
2020,PHI,598,334,3728.0,22,-95.47632948889657,65.0,401.0,431,2060.0,20,-10.834083819092484,20.0,3,0.0,6.0,REG
2020,PIT,656,428,4129.0,35,62.67994827584144,14.0,126.0,373,1351.0,12,-59.94189537690754,11.0,0,3.0,2.0,REG
2020,SEA,563,388,4245.0,40,78.91034611379796,48.0,304.0,411,1971.0,15,8.432180393294866,13.0,2,0.0,2.0,REG
2020,SF,570,371,4320.0,25,38.05914144777499,39.0,287.0,437,1889.0,19,-28.99872329996015,17.0,7,0.0,3.0,REG
2020,TB,626,410,4776.0,42,132.71564800044644,22.0,150.0,379,1538.0,16,-31.585261823205354,12.0,0,3.0,2.0,REG
2020,TEN,485,316,3826.0,34,125.3141282970309,25.0,173.0,521,2690.0,26,45.801717351579526,7.0,1,2.0,2.0,REG
2020,WAS,601,389,3796.0,16,-60.89405710955178,50.0,331.0,401,1616.0,18,-6.145376406584641,16.0,4,4.0,1.0,REG
2021,ARI,582,409,4583.0,27,87.41015052080816,37.0,326.0,493,2070.0,23,-3.2700611542675566,11.0,1,1.0,0.0,REG
2021,ATL,573,377,3987.0,20,-14.920218519930557,40.0,274.0,365,1347.0,11,-61.45403311040458,15.0,3,5.0,3.0,REG
2021,BAL,665,431,4637.0,24,10.72069254505497,61.0,337.0,493,2427.0,16,15.870663182125282,19.0,3,2.0,2.0,REG
2021,BUF,655,415,4450.0,36,77.85880575368647,27.0,166.0,462,2205.0,20,26.969649750684198,16.0,1,1.0,3.0,REG
2021,CAR,599,348,3573.0,14,-135.36683896492764,52.0,334.0,441,1795.0,17,-19.966084389326337,21.0,2,1.0,5.0,REG
2021,CHI,542,332,3635.0,16,-94.83239353184635,58.0,428.0,475,2018.0,14,-20.07169487785982,20.0,5,1.0,2.0,REG
2021,CIN,555,384,4806.0,36,92.0923717798685,55.0,403.0,436,1742.0,16,-34.22149252261203,14.0,2,2.0,1.0,REG
2021,CLE,520,320,3619.0,21,-17.356115227810736,49.0,299.0,482,2457.0,20,28.547589781980825,14.0,5,2.0,1.0,REG
2021,DAL,647,444,4963.0,40,122.0500802253373,33.0,163.0,473,2119.0,15,-25.483052031812043,11.0,4,0.0,4.0,REG
2021,DEN,541,354,3856.0,20,44.548579814754426,40.0,263.0,455,2025.0,16,-34.38671498639965,9.0,0,1.0,6.0,REG
2021,DET,593,396,3884.0,23,-25.27566867941608,36.0,286.0,427,1886.0,12,-38.1162811281006,14.0,4,1.0,4.0,REG
2021,GB,593,402,4526.0,39,123.64314223977385,33.0,211.0,446,1900.0,13,13.551044207552085,7.0,1,1.0,2.0,REG
2021,HOU,546,354,3630.0,21,-61.46474313821488,44.0,325.0,299,1075.0,6,-33.84548701097544,15.0,1,4.0,1.0,REG
2021,IND,516,322,3563.0,27,12.846730000047256,32.0,227.0,499,2540.0,22,40.28590038725944,7.0,4,1.0,3.0,REG
2021,JAX,604,361,3674.0,12,-58.183805229335576,32.0,238.0,396,1764.0,13,-24.112091974095954,17.0,5,2.0,4.0,REG
2021,KC,675,448,4937.0,37,147.81313168459016,28.0,146.0,431,1955.0,16,18.3484098809912,13.0,2,3.0,5.0,REG
2021,LA,607,406,4893.0,41,107.09178757017108,31.0,251.0,420,1692.0,10,-34.34425724879419,18.0,2,0.0,1.0,REG
2021,LAC,674,443,5014.0,38,114.92408747669968,31.0,214.0,423,1834.0,18,-14.627361516838729,15.0,0,3.0,2.0,REG
2021,LV,628,429,4808.0,23,39.58109039532134,40.0,241.0,414,1617.0,14,-49.077885610842344,14.0,5,3.0,2.0,REG
2021,MIA,615,404,3936.0,21,-5.695039533838319,40.0,285.0,492,1698.0,13,-73.76111018731183,14.0,4,0.0,2.0,REG
2021,MIN,604,398,4450.0,34,60.21775565399798,30.0,212.0,470,2004.0,10,-43.0047582654762,7.0,2,1.0,3.0,REG
2021,NE,535,364,4098.0,24,75.7820193656106,28.0,241.0,490,2148.0,24,5.562722359630066,13.0,2,4.0,3.0,REG
2021,NO,504,293,3437.0,29,-28.422659151199717,37.0,251.0,596,2267.0,13,-67.19911321381205,13.0,2,1.0,1.0,REG
2021,NYG,593,351,3463.0,15,-131.1479566302411,38.0,267.0,419,1688.0,8,-38.10357024139816,20.0,6,2.0,2.0,REG
2021,NYJ,558,328,3625.0,17,-87.58956325857655,51.0,404.0,376,1649.0,14,-12.977917836988883,19.0,2,4.0,1.0,REG
2021,PHI,494,307,3585.0,20,29.26312800430678,31.0,181.0,550,2715.0,25,40.894013085834196,10.0,1,1.0,4.0,REG
2021,PIT,664,425,4017.0,23,-56.34341774197806,38.0,239.0,411,1583.0,10,-20.156033461619195,11.0,5,3.0,0.0,REG
2021,SEA,500,326,3840.0,30,12.166748014212587,46.0,383.0,440,2156.0,19,9.450384041875829,8.0,2,3.0,1.0,REG
2021,SF,514,343,4437.0,26,105.7775216240011,33.0,216.0,499,2159.0,22,-5.675163904298118,14.0,2,4.0,1.0,REG
2021,TB,731,492,5383.0,43,145.2434173704021,23.0,154.0,416,1755.0,20,-8.072251362615736,12.0,2,2.0,3.0,REG
2021,TEN,535,359,3745.0,23,27.453517294325877,47.0,327.0,522,2318.0,22,7.049753084278246,14.0,3,3.0,4.0,REG
2021,WAS,550,356,3746.0,21,-32.201729638706,43.0,305.0,482,2082.0,13,-14.534534813217366,15.0,3,3.0,3.0,REG
2022,ARI,664,433,3966.0,17,-86.68155590684454,46.0,340.0,364,1574.0,13,-13.173291600709064,17.0,2,2.0,4.0,REG
2022,ATL,415,257,2927.0,17,10.590833167405428,37.0,228.0,559,2718.0,17,9.610464650738917,9.0,2,4.0,4.0,REG
2022,BAL,488,300,3202.0,19,-18.251107088511795,38.0,162.0,526,2720.0,14,31.660750905056243,13.0,2,3.0,3.0,REG
2022,BUF,574,361,4291.0,35,94.88315193244901,33.0,162.0,431,2177.0,16,10.975329717412343,14.0,3,2.0,6.0,REG
2022,CAR,246,145,1874.0,10,1.140773363907499,17.0,124.0,382,1765.0,13,10.746439613256468,6.0,1,1.0,1.0,REG
2022,CHI,378,224,2599.0,20,-79.9753786079063,58.0,379.0,565,3070.0,18,53.698777773572,15.0,2,3.0,2.0,REG
2022,CIN,610,418,4520.0,35,86.26105793048077,44.0,280.0,399,1528.0,14,-19.526504252410135,12.0,3,2.0,0.0,REG
2022,CLE,540,335,3710.0,19,-9.178522165335096,44.0,266.0,533,2492.0,19,23.063486050416053,12.0,3,3.0,2.0,REG
2022,DAL,556,355,3911.0,28,32.68326848221614,27.0,175.0,531,2298.0,24,-11.171539443865424,18.0,0,2.0,1.0,REG
2022,DEN,571,345,4007.0,18,-85.22585779168034,63.0,415.0,407,1794.0,12,-18.863362999739646,15.0,3,0.0,1.0,REG
2022,DET,588,383,4444.0,29,103.01854651409063,24.0,163.0,480,2179.0,23,-39.00076302635739,7.0,3,1.0,3.0,REG
2022,GB,563,364,3890.0,27,-2.7790855390558598,32.0,258.0,456,2113.0,12,5.130230863709382,12.0,2,3.0,3.0,REG
2022,HOU,579,352,3642.0,20,-111.3393723846354,38.0,298.0,395,1475.0,7,-69.96181517395517,19.0,2,1.0,5.0,REG
2022,IND,604,398,3855.0,17,-99.51496528279057,60.0,422.0,438,1921.0,7,-65.92975658336043,20.0,4,3.0,7.0,REG
2022,JAX,596,394,4148.0,25,71.59771078162973,28.0,189.0,437,2059.0,16,-16.335335033487674,9.0,5,1.0,7.0,REG
2022,KC,651,435,5250.0,41,186.56310499334168,26.0,188.0,510,2310.0,20,-14.293505419901647,12.0,0,5.0,4.0,REG
2022,LA,737,466,4819.0,22,-107.85948067718614,78.0,524.0,357,1430.0,13,-22.230951113763858,21.0,5,1.0,3.0,REG
2022,LAC,711,485,4791.0,26,24.83454355331627,39.0,207.0,404,1524.0,15,-9.985825247373642,10.0,3,3.0,2.0,REG
2022,LV,586,359,4182.0,28,22.412045271227132,35.0,248.0,428,2057.0,12,-7.768669671427147,17.0,1,2.0,0.0,REG
2022,MIA,584,368,4765.0,30,63.76648845856271,35.0,254.0,440,2034.0,12,-6.338343693039919,15.0,2,3.0,3.0,REG
2022,MIN,672,448,4818.0,30,26.657882276076332,47.0,334.0,404,1661.0,18,-44.033055880243374,15.0,4,1.0,3.0,REG
2022,NE,540,358,3815.0,19,-22.847696178340627,41.0,279.0,425,1832.0,12,-27.580703984924014,14.0,3,3.0,2.0,REG
2022,NO,512,338,3969.0,24,23.56385562727322,38.0,277.0,525,2217.0,13,-55.57931617970837,14.0,1,5.0,4.0,REG
2022,NYG,520,346,3431.0,17,9.29090379176475,49.0,274.0,518,2496.0,21,30.378172878398164,6.0,3,3.0,1.0,REG
2022,NYJ,627,357,4040.0,15,-65.89640805568237,42.0,317.0,486,2026.0,16,-30.171136057372472,14.0,6,2.0,1.0,REG
2022,PHI,536,350,4364.0,25,79.6426185892459,44.0,259.0,544,2509.0,32,51.25034052524869,9.0,2,6.0,2.0,REG
2022,PIT,570,363,3660.0,11,-3.4002309474404697,38.0,250.0,492,2018.0,16,3.2192455590318474,14.0,1,1.0,1.0,REG
2022,SEA,573,399,4282.0,30,23.90602290795341,46.0,348.0,427,2050.0,12,-13.080312920045992,12.0,2,4.0,3.0,REG
2022,SF,517,341,4108.0,30,103.00782554275708,31.0,193.0,497,2285.0,20,-15.799027107675725,10.0,1,2.0,3.0,REG
2022,TB,751,499,4746.0,26,52.062937898065236,22.0,160.0,385,1306.0,5,-83.86264449339824,10.0,2,5.0,3.0,REG
2022,TEN,456,285,3227.0,17,-27.62871457593257,49.0,313.0,487,2131.0,16,-38.464865175018424,11.0,3,1.0,5.0,REG
2022,WAS,554,344,3783.0,24,-57.465430429367274,48.0,311.0,538,2143.0,9,-29.01358091284797,16.0,6,0.0,1.0,REG
2023,ARI,289,188,1861.0,10,-47.62801224813274,25.0,160.0,418,2141.0,16,25.666844412047546,7.0,1,0.0,0.0,REG
2023,ATL,530,327,3775.0,17,-44.140411141401,40.0,251.0,523,2163.0,14,-63.52892563136509,17.0,4,1.0,4.0,REG
2023,BAL,494,328,3881.0,27,60.5336708311305,42.0,251.0,607,2875.0,26,-18.58887889861798,7.0,4,2.0,7.0,REG
2023,BUF,579,385,4306.0,29,90.5337982197074,24.0,152.0,512,2212.0,22,34.20259696993359,18.0,1,4.0,3.0,REG
2023,CAR,586,350,3245.0,13,-157.71920068522246,65.0,504.0,450,1792.0,7,-37.34706882193343,10.0,6,1.0,3.0,REG
2023,CHI,513,321,3421.0,19,-61.80865049815294,50.0,325.0,504,2294.0,15,19.355991998482786,15.0,5,3.0,1.0,REG
2023,CIN,615,420,4257.0,27,12.248734793142885,50.0,362.0,383,1527.0,12,-24.686269278267797,14.0,1,1.0,0.0,REG
2023,CLE,624,355,4011.0,24,-105.05982046867533,45.0,318.0,518,2017.0,15,-51.24262957975581,23.0,4,4.0,4.0,REG
2023,DAL,614,428,4660.0,36,113.44911704054334,40.0,263.0,468,1920.0,14,-5.616051915494905,10.0,1,1.0,2.0,REG
2023,DEN,513,337,3566.0,28,-11.282776328163337,52.0,304.0,451,1810.0,8,-35.06138213096555,9.0,4,5.0,2.0,REG
2023,DET,606,408,4606.0,30,83.84568034464867,31.0,205.0,502,2321.0,27,-21.926949302009408,12.0,2,3.0,5.0,REG
2023,GB,581,374,4210.0,32,88.95049360171791,30.0,242.0,441,1903.0,10,-29.138893871581715,11.0,1,2.0,3.0,REG
2023,HOU,669,420,4938.0,28,9.222567524394563,56.0,469.0,443,1619.0,10,-54.78886238974264,12.0,3,2.0,1.0,REG
2023,IND,574,355,3882.0,18,-1.1639152665812418,41.0,216.0,464,2035.0,19,-29.491943057943196,10.0,5,0.0,1.0,REG
2023,JAX,620,412,4377.0,22,7.1658076893513485,41.0,251.0,453,1646.0,17,-67.28956745267752,14.0,5,6.0,3.0,REG
2023,KC,635,421,4383.0,28,37.91712328721202,28.0,195.0,452,1858.0,9,-28.48900113729146,17.0,3,5.0,1.0,REG
2023,LA,545,343,4128.0,26,62.096960939342445,32.0,219.0,451,1993.0,17,3.816171632397557,12.0,0,2.0,1.0,REG
2023,LAC,632,409,4312.0,24,-3.6332536784342473,43.0,355.0,431,1642.0,11,-70.58481183499111,8.0,5,4.0,3.0,REG
2023,LV,557,348,3666.0,20,-45.00359071377129,40.0,286.0,413,1542.0,11,-56.24707497704475,18.0,2,1.0,2.0,REG
2023,MIA,566,393,4698.0,30,113.53626337925118,31.0,184.0,486,2413.0,28,-11.822051605298242,15.0,0,2.0,7.0,REG
2023,MIN,897,591,6269.0,38,-45.937903988440425,64.0,467.0,462,1840.0,11,-25.954159711427305,24.0,10,2.0,4.0,REG
2023,NE,557,351,3392.0,16,-135.5500539970651,47.0,318.0,439,1669.0,9,-47.75408564713435,21.0,2,4.0,2.0,REG
2023,NO,606,406,4225.0,28,17.58844462342101,35.0,235.0,460,1674.0,11,-56.60952911378892,11.0,2,0.0,3.0,REG
2023,NYG,518,338,3351.0,15,-109.18800819481376,85.0,465.0,467,1888.0,10,-77.88973889502894,12.0,1,3.0,4.0,REG
2023,NYJ,562,326,3185.0,10,-175.41469079526297,57.0,408.0,312,1409.0,7,-48.033771825664786,12.0,6,2.0,4.0,REG
2023,PHI,563,369,4067.0,24,63.66545852604182,39.0,233.0,510,2190.0,22,9.250554938215837,16.0,2,4.0,5.0,REG
2023,PIT,506,323,3421.0,13,-45.81835864339104,36.0,258.0,487,2010.0,16,-35.933443119076344,9.0,1,1.0,3.0,REG
2023,SEA,575,371,4167.0,23,31.268961976085972,38.0,257.0,382,1580.0,11,-21.4680270041887,12.0,2,0.0,1.0,REG
2023,SF,491,336,4577.0,33,143.04821406075783,34.0,193.0,499,2389.0,27,19.010535920274997,12.0,3,1.0,2.0,REG
2023,TB,568,364,4044.0,28,48.07470254995753,40.0,232.0,415,1467.0,8,-65.95078922808989,10.0,3,4.0,1.0,REG
2023,TEN,494,304,3512.0,14,-32.71673978224129,64.0,445.0,444,1846.0,16,-26.854351771577814,11.0,2,0.0,4.0,REG
2023,WAS,636,407,4174.0,24,-87.59133680092961,65.0,449.0,359,1592.0,14,-10.701849643582506,21.0,1,3.0,5.0,REG
2024,ARI,543,374,3859.0,21,64.52634920272747,30.0,220.0,463,2451.0,18,20.44892802745348,11.0,1,4.0,4.0,REG
2024,ATL,559,364,4283.0,21,36.21068677747927,32.0,215.0,495,2219.0,18,-1.9775853113813966,19.0,2,1.0,0.0,REG
2024,BAL,477,318,4189.0,41,172.36287614505392,24.0,154.0,555,3189.0,21,48.795395344900435,4.0,1,1.0,5.0,REG
2024,BUF,520,329,3938.0,30,131.61871673932293,14.0,63.0,491,2230.0,32,48.125276605717175,6.0,2,0.0,0.0,REG
2024,CAR,547,341,3411.0,22,-47.41681541928743,36.0,223.0,408,1878.0,18,6.1353626684791855,15.0,1,3.0,2.0,REG
2024,CHI,566,353,3552.0,20,-49.8444112069482,68.0,466.0,421,1707.0,12,-30.991073991769746,7.0,3,2.0,2.0,REG
2024,CIN,652,460,4918.0,43,117.02095542445556,48.0,278.0,388,1590.0,12,-7.103608068506085,9.0,5,3.0,2.0,REG
2024,CLE,661,395,3879.0,19,-177.42918532804433,66.0,373.0,391,1608.0,8,-25.846051966612837,23.0,5,1.0,3.0,REG
2024,DAL,637,398,4092.0,23,-45.33626065651339,38.0,230.0,357,1484.0,3,-40.91720414415827,14.0,2,5.0,5.0,REG
2024,DEN,570,379,3808.0,30,40.98005993288629,24.0,198.0,461,1908.0,12,-14.358007870328883,12.0,0,4.0,3.0,REG
2024,DET,551,399,4718.0,39,171.3296426415118,33.0,244.0,534,2488.0,29,10.480982670019518,12.0,0,2.0,1.0,REG
2024,GB,479,308,3939.0,28,75.22615873048723,22.0,137.0,526,2496.0,23,5.825955706319367,11.0,1,2.0,4.0,REG
2024,HOU,570,357,3952.0,20,-16.28401857631509,54.0,426.0,395,1768.0,14,-22.839679847461305,12.0,2,1.0,2.0,REG
2024,IND,513,289,3599.0,20,-32.7731714876517,32.0,238.0,496,2318.0,20,-20.449599681177105,19.0,5,1.0,3.0,REG
2024,JAX,546,343,3717.0,19,1.444102956176922,32.0,240.0,417,1728.0,13,-15.831145290670953,15.0,2,3.0,3.0,REG
2024,KC,600,404,4046.0,26,64.88177838726702,41.0,266.0,450,1790.0,15,2.584168148527114,11.0,0,1.0,2.0,REG
2024,LA,559,367,4096.0,22,37.248280907446784,31.0,228.0,450,1765.0,15,-28.236508768788426,9.0,2,0.0,3.0,REG
2024,LAC,510,336,3901.0,23,60.29963291616552,44.0,272.0,538,2109.0,20,-39.63314945023028,3.0,1,2.0,3.0,REG
2024,LV,635,410,4117.0,19,-62.07633084732313,50.0,320.0,380,1357.0,10,-91.980991300372,16.0,5,0.0,8.0,REG
2024,MIA,565,398,3883.0,22,51.315093236229735,42.0,290.0,446,1785.0,12,-83.9731785534389,10.0,3,1.0,5.0,REG
2024,MIN,889,580,6449.0,43,24.514078976882182,78.0,508.0,561,2268.0,12,-35.780735219013415,19.0,4,3.0,4.0,REG
2024,NE,529,342,3343.0,18,-55.309237036389064,52.0,348.0,446,1969.0,11,-31.529520828955295,11.0,5,1.0,6.0,REG
2024,NO,551,340,3730.0,21,-43.396907659384,37.0,242.0,444,1954.0,15,1.147340027154943,12.0,3,2.0,0.0,REG
2024,NYG,276,165,1604.0,7,-66.18302309021865,20.0,130.0,359,1528.0,11,-36.29060669386536,6.0,2,0.0,5.0,REG
2024,NYJ,607,385,4016.0,31,21.024283988213732,40.0,302.0,363,1561.0,8,-25.10794215262717,11.0,2,3.0,1.0,REG
2024,PHI,448,303,3517.0,24,57.81763815759183,45.0,323.0,621,3048.0,29,54.62072900161203,6.0,3,0.0,3.0,REG
2024,PIT,499,321,3607.0,21,6.33019022132272,49.0,343.0,533,2166.0,14,-48.22774490221067,6.0,3,3.0,4.0,REG
2024,SEA,593,413,4379.0,21,11.264787470504082,54.0,359.0,382,1626.0,17,-19.994776351115007,16.0,0,3.0,0.0,REG
2024,SF,533,349,4424.0,23,69.31216889322172,36.0,190.0,457,2163.0,17,-0.3189478543305242,16.0,4,1.0,3.0,REG
2024,TB,571,408,4505.0,41,116.52743922132298,40.0,248.0,483,2536.0,16,20.72083827855338,16.0,1,2.0,4.0,REG
2024,TEN,530,336,3621.0,22,-67.99548932357204,52.0,304.0,450,1855.0,11,-51.31917974443962,21.0,3,1.0,7.0,REG
2024,WAS,525,365,3932.0,29,79.0791423893543,50.0,267.0,526,2619.0,25,65.51382720882695,9.0,0,2.0,3.0,REG
